video_id,title,description,published_at,channel_id,channel_title,category_id,tags,duration,definition,caption,view_count,like_count,dislike_count,favorite_count,comment_count
Chd1cQcU8Ds,Surajactor new shorts #surajactor,,2025-01-20T11:23:23Z,UC2fvyma9iKsjN9EZW_FWW1A,Filmy Suraj Actor,24,[],PT48S,hd,false,39222906,1157369,0,0,1015
Ap744Nv_L8I,Birthday cake in winter🎂🥶| Indian family😂|| #shorts #indian #relatable #winter #cake #jagiya024,"Birthday cake in winter🎂🥶| Indian family😂||

Disclaimer and warning:
This video is intended for entertainment purpose only. Any actions or activity in this videos shall not to be call to repeat them! Do not try to do that, the author shall not be hold liable for any of your actions or activity performed. This video is not made for kids.
Smoking is injurious to health! Smoking leads to cancer, heart attack and other deadly diseases. None of the actor in this video promote or support smoking in any manner.",2025-01-16T16:09:41Z,UC8_NGoazMiGbRPUTQ52_NdQ,Jagiya the fun,22,[],PT31S,hd,false,58001869,0,0,0,684
D8KsuUgpPkc,😳😰Aandhi or🍱cooking competition😭😭||vishvi official|#trending #emotional #youtubeshorts,,2025-01-21T09:04:26Z,UCXybSMD7tfqD2scUCg8MydA,Vishvi Official,22,[],PT1M28S,hd,false,20400053,574663,0,0,472
VsBq34LLHDk,Nails cutting in school🥲🔥| Indian family😂|| #shorts #indian #relatable #chotabhai #nails #school,"Nails cutting in school🥲🔥| Indian family😂||

Disclaimer and warning:
This video is intended for entertainment purpose only. Any actions or activity in this videos shall not to be call to repeat them! Do not try to do that, the author shall not be hold liable for any of your actions or activity performed. This video is not made for kids.
Smoking is injurious to health! Smoking leads to cancer, heart attack and other deadly diseases. None of the actor in this video promote or support smoking in any manner.",2025-01-19T16:37:15Z,UC8_NGoazMiGbRPUTQ52_NdQ,Jagiya the fun,22,[],PT33S,hd,false,21575381,0,0,0,83
wzOQodmXFfA,AREEB NY DOOSRI SHADI KAR LI 💔 | Mery Sath Dhokha Hogya 😭 | 2nd Marriage Prank On Iqra 🤣,"Don't forget to subscribe!

Areeb Pervaiz► https://www.youtube.com/channel/UC1OttW11FcA2Szx8IGdBsHQ

 2nd Marriage |
In today's video you will find #sistrology      #barat             #iqreeb                        #sisters  #fiancee 
.
.
.
#zainabfaisal  #fatimafaisal   #hirafaisal  #iqrakanwal  #rabiafaisal #zainabfaisal   #mianfaisal  #sistrology  #love #family   #shadi #wedding #mehndi #special #creative #barat #dress #sherwani #dulhan #bhai #idea #areeb #special #prank #2nd #marriage #red #editor #acting #face #blur #begum #wife #funny #fun #iqra #reaction #call #crying #cheat #angry #iqreeb 

Music: Inspiration by Fretbound
https://www.fretbound.com/
Video Link: https://youtu.be/DxR1z0f7mOs

➼ BE OUR FRIEND ON SOCIAL NETWORKS  
INSTAGRAM:
https://www.instagram.com/iqrakanwal.official/
https://www.instagram.com/hiraa_faisal/
https://www.instagram.com/fatimafaisal_/
https://www.instagram.com/rabiafaisal__/
https://www.instagram.com/iamzainabfaisal/

FACEBOOK:
https://www.facebook.com/IqraKanwal.official1

*******************************************************************

🌟 I hope you enjoyed the video. Don't forget to leave a comment below, we want to hear your opinion!

🌟Did you know that Subscribe the video helps us a lot? It's how we know how much you enjoyed the video and how it helps us bring similar ideas.

🌟See you around here or next video, follow us!

🌟Love you all! 💕

🌟Kiss-kiss, bye-bye 💋",2025-01-22T09:36:33Z,UCbOWx-D1d0-CiP9wc-cH93Q,Sistrology,24,"['Iqrakanwal', 'RabiaFaisal', 'FatimaFaisal', 'HiraFaisal', 'Sistrology', 'Makeup', 'Music', 'Islam', 'Vines', 'Home', 'Trending', 'Fiancé', 'Surprise', 'Shadi', 'Dress', 'Sisters', 'Family', 'Prayer', 'Areeb', 'Youtube', 'Love', 'Vlog', 'Fun', 'MASHALLAH', 'Vlogs', 'Beautiful', 'Special', 'Function', 'Loving', 'Emotional', 'Bride', 'Wedding', 'Iqreeb', 'Barat', 'Fitting', 'Perfect', 'Ruksati', 'Idea', 'Plan', 'Prank', 'Begum', 'Wife', 'Bhai', 'Convince', 'Dulhan', 'Sherwani', 'Bhabhi', 'Red', 'Editor', 'Acting', 'Blur', 'Face', 'Funny', 'Flowers', 'Decorate', 'Room', 'Iqra', 'Reaction', 'Angry', 'Crying', 'Comments', 'Fans', 'Fight', 'Dhokha', 'Cheat', 'Celebration', '5 Million', 'Allah']",PT24M55S,hd,false,2915485,110553,0,0,4650
LFcDnzRuhxM,केले का छिलका 😱😂 MANU CHIKU PAPA  #shorts #funny,केले का छिलका 😱😂 MANU CHIKU PAPA  #shorts #funny,2025-01-23T14:13:15Z,UCVPP_lAuPWl_tBZ8R7rQPxQ,SANSAR COMEDY BAR,23,"['shorts', 'funny', 'comedy', 'trending', 'viral', 'yt shorts', 'youtube shorts', 'comedy shorts', 'funny shorts', 'funny comedy', 'trending shorts', 'viral shorts', 'latest shorts', 'latest funny shorts', 'latest comedy shorts', 'best shorts', 'best funny shorts', 'best comedy shorts', 'केले का छिलका', 'केले का छिलका 😱😂', 'Banana peel', 'peel', 'Banana', 'Manu', 'chiku', 'PAPA', 'sansar comedy bar']",PT55S,hd,false,5087369,0,0,0,39
-IFGWdoyUxM,Final result😂😂 #comedy #realfools #surajroxfunnyvibe #vikramcomedyvideo #home,,2025-01-19T01:37:04Z,UCgKEvLp8DXCTMq4QY6wW7bw,Real fools shorts official,22,[],PT34S,hd,false,44481663,1052636,0,0,2945
255J3HJL3b8,Terrorist Boom 💥 vs Indian Army 🫡😭♥️|| Mr Bunny || #shorts #republicday #indianholiday #army,,2025-01-23T07:48:32Z,UCmqV2skrrbCLEOCTWDTZYDQ,Mr Bunny,22,[],PT1M,hd,false,10220715,267049,0,0,295
Wy8kJrpfmtw,"Cool Items!🥰 New Gadgets, Smart Appliances, Kitchen Tools Utensils, Home Cleaning, Beauty #shorts","Welcome to the 【Cool Items Official】 Channel! 🏠✨

This is an exciting world of family-themed product recommendations. Through our videos, we recommend various practical and interesting household items and demonstrate their applications and fun in daily life. Each video is meticulously produced, and we hope you can find inspiration and useful advice in them. 🎥😊

We highly value interaction with our audience; every comment and like from you is our motivation to keep creating. 🌟

If you like our content, please make sure to subscribe to the channel and click the bell icon 🔔 to interact with us and share your thoughts and suggestions. 💬

Join the 【Cool Items Official】 family and explore and share those items that make life better! 🌈

All videos are authorized by creators from Mainland China and strictly comply with platform regulations. 🛡️

#5Minute #BoongItems #Appliances #UtensilsSmartHome",2025-01-19T14:00:27Z,UCyGlHNYIsiXV47jUbvYA5DQ,Cool Items Official,26,"['household items', 'family essentials', 'home goods', 'useful products', 'product reviews', 'home improvement', 'family life', 'cool gadgets', 'daily essentials', 'home organization', 'home decor', 'kitchen gadgets', 'home accessories', 'family fun', 'practical items', 'home hacks', 'home tips', 'family products', 'lifestyle items', 'home tools', 'family must-haves', 'everyday essentials', 'home innovations', 'home solutions', 'family-friendly products', 'product recommendations', 'home efficiency', 'household gadgets']",PT38S,hd,true,59921601,832030,0,0,955
kLBbj-2SMfY,100km/h Reflex Challenge 😱🚀,Wow!,2025-01-16T16:00:58Z,UC1a2ZCw7tugRZYRMnecNj3A,Celine Dept,17,[],PT27S,hd,false,149431592,4261401,0,0,4996
y9XBHNQFec0,Extreme Adjustments for Anna: The Intern's Big Test!,"Join renowned manual therapist Max Reiner as he provides a comprehensive chiropractic adjustment session for Maria. In this video, Max addresses issues in Maria's spine, lower back, and neck with his expert techniques.Used hammer adjustment sacrum. Listen to the satisfying cracks and pops as he works through her back and legs, bringing relief and alignment. Whether you're curious about chiropractic adjustments or a fan of manual therapy, this video offers an insightful look into Max's skillful practice. Don't forget to like, comment, and subscribe for more therapy sessions and wellness tips!

#chiropractic #chiropractor #chiropracticadjustment  #hammer #hammeradjustments",2025-01-20T12:46:22Z,UCLoFJs1ylFTOueIcyEqpjoA,Dr. Max Reiner,24,"['Max Reiner', 'manual therapist', 'chiropractic', 'back adjustment', 'lower back cracking', 'manual therapy', 'massage', 'back pain', 'neck pain', 'back exercises', 'trigger points', 'therapeutic massage', 'back cracking', 'asmr massage', 'back chiropractic adjustment', 'chiropractic adjustment', 'neck crack', 'neck cracking', 'chiropractic asmr', 'chiropractic girl', 'chiropractic massage', 'back massage', 'neck massage', 'hammeradjustments', 'Maria', 'Masha', 'Extremystreching']",PT13S,hd,false,9263671,166973,0,0,441
TpbTDcVxieU,Most Dangeous Place For Shoot 😰 #trending #neetubisht #wedding #lakhneet #youtubeshorts,#lakhneet #neetubisht #lakhanarjunrawat,2025-01-17T08:30:10Z,UCDwhsmzFDLc5hOB6SUglAjg,Neetu Bisht,24,"['lakhanarjunrawat', 'trending', 'amazing videos', 'neetu', 'neetubisht', 'Neetu Bisht', 'lakhneet', 'lakhneet vlogs', 'shorts', 'ytshorts', 'YouTube shorts', 'Khushi Choudhary', 'suyash', 'suyash vlogs', 'mohak narang', 'sohak', 'WhatsApp status', 'WhatsApp videos', 'whatsapp', 'WhatsApp story', 'romantic', 'couple', 'reels', 'reel', 'instagram', 'tiktok']",PT1M20S,hd,false,31496563,1176296,0,0,2372
sF0eoLDyqR8,Apne bhi kabhi try kiya hai?🔫😂#funny #comedy #shorts #koushalmonga,,2025-01-15T05:30:28Z,UCgsdrGox82hP4o97-kt8sjg,Koushal Monga,20,[],PT30S,hd,false,28606665,436613,0,0,298
_wfrNbLguWw,LOCK  (MUSIC VIDEO) SIDHU MOOSE WALA  | THE KIDD  | NAVKARAN BRAR,"Sidhu Moose Wala Presents 

Song - LOCK
Singer/Lyrics/Composer - Sidhu Moose Wala 
Music - The Kidd
Mix Master - Dense
Video - Navkaran Brar

Audio Available 
Spotify -https://open.spotify.com/album/26w8VWnNdWUcF5rRZc2rrZ?si=1&nd=1&dlsi=5e4b688a212a46a2
Apple Music - https://music.apple.com/ca/album/lock-single/1792088565
Amazon Music - https://music.amazon.ca/albums/B0DTSP81BD
Youtube Music - https://music.youtube.com/playlist?list=OLAK5uy_l28G4yDIi-bL8zDKAUB6xn4TLjqIuNnvQ
Deezer - https://www.deezer.com/us/album/701785971
JioSaavn - https://www.jiosaavn.com/song/lock/JzETQyQGeAQ
Tidal - https://tidal.com/browse/album/413284739


Click to Subscribe - https://bit.ly/SidhuMooseWalaSubscribe
Twitter - https://www.twitter.com/iSidhuMooseWala
Facebook - https://www.facebook.com/SidhuMooseWala
Instagram - https://instagram.com/Sidhu_MooseWala
Snapchat - https://www.snapchat.com/add/SidhuShubh",2025-01-23T03:45:31Z,UC9ChdqQRCaZmTCwSJ49tcbw,Sidhu Moose Wala,10,"['sidhu moosewala', 'sidhu moosewala latest song', 'sidhu moosewala leaked songs', 'sidhu moosewala official videos', 'sidhu moosewala official song', 'latest punjabi song 2020', 'lock Sidhu moose wala', 'lock sidhu', 'lock Sidhu moose wala punjabi songs 2024', '2025 punjabi songs latest', 'latest punjabi song 2025 lock song', 'Sidhu moose wala all songs', 'lock song', 'lock song new', 'Sidhu new lock 2025 songs']",PT3M2S,hd,false,13370778,1491952,0,0,263897
lRcv6ClWe-c,Cycle ko bhoot chala raha hai 🚲😥 wait for twist #short #viralshort #funny ￼,,2025-01-20T14:32:49Z,UCHQKOUIQLAT9-aCMND2BZeA,Surjeet Swag,24,[],PT18S,hd,false,18200881,267689,0,0,366
Mb9Ur5RBYy4,Ghar mein aaya sher😂🥰❤️ #familylovestory #unknownboyvarun #shorts,,2025-01-17T06:26:26Z,UC4DLvb5xZ9OLcVM1KC_R97g,unknown boy varun,10,[],PT1M,hd,false,17174356,495247,0,0,439
-9pyT7hRYFU,全家踩气球大PK，第一个怎么这么难弄破!#萌娃#亲子#亲子日常#游戏#挑战,"欢迎来到【搞笑爸爸带俩娃】频道！👨‍👧‍👦✨

这里是亲子搞笑视频的欢乐天地，我们通过视频展示爸爸与两个孩子的日常生活中的各种搞笑瞬间，希望为你带来欢笑和温馨。每一个视频都是精心制作的，希望你能从中感受到家庭生活的乐趣和亲子互动的美好。🎥😂

我们非常重视与观众的互动，你的每一条评论和点赞都是我们继续创作的动力。🌟

如果你喜欢我们的内容，请务必订阅频道，并点击小铃铛图标，与我们互动，分享你的想法和建议。🔔

加入【搞笑爸爸带俩娃】的大家庭，一起分享那些充满欢笑和温馨的亲子时刻吧！🌈

所有视频取得中国大陆创作者授权，严格遵守平台规定。🛡️",2025-01-16T09:24:03Z,UCQOF2eGU5PJwglpeVbWUeSg,搞笑爸爸带俩娃,22,"['亲子搞笑视频', '家庭搞笑片段', '搞笑爸爸', '亲子互动', '家庭娱乐', '搞笑日常', '亲子时光', '家庭欢乐', '搞笑视频合集', '家庭趣事', '亲子搞笑瞬间', '搞笑爸爸日常', '家庭幽默', '亲子搞笑片段', '家庭欢乐时光', '搞笑爸爸与孩子', '搞笑父子', '搞笑父女', '家庭搞笑时刻', '亲子搞笑互动', '家庭欢乐时刻', '搞笑家庭片段', '亲子搞笑视频合集', '搞笑家庭生活', '搞笑爸爸搞笑视频', '亲子娱乐', '家庭搞笑', '搞笑视频精选', '搞笑爸爸与俩娃', '亲子搞笑故事']",PT50S,hd,false,15742957,229332,0,0,60
m7hPtljtA0I,😳😰Republic Day🇮🇳Aandhi ki Dosti😭😭||Vishvi official|#trending #emotional #youtubeshorts#sad,,2025-01-22T09:12:05Z,UCXybSMD7tfqD2scUCg8MydA,Vishvi Official,22,[],PT1M15S,hd,false,9965616,437211,0,0,1379
wmMp-3baWAc,Don't Fall vs 100km/h 🙈😱,Oooops..,2025-01-18T16:30:14Z,UC1a2ZCw7tugRZYRMnecNj3A,Celine Dept,17,[],PT34S,hd,false,37883291,1059425,0,0,1600
OFi6TTLCBfE,Chintu & his Rich friend🤑🤑 #shorts #trending,,2025-01-21T07:23:01Z,UCpAjFBZZ2AO-K_Ly10KIj1w,Adarsh Solanki,24,[],PT1M23S,hd,false,7520476,190763,0,0,180
0nn1264OqKE,Happy makarsakranti dosto #happymakarsankranti #surajactor,,2025-01-13T09:55:04Z,UC2fvyma9iKsjN9EZW_FWW1A,Filmy Suraj Actor,24,[],PT48S,hd,false,50371061,1356580,0,0,1473
ZZUyqzss-7k,🦑🎮 Round two! Will he make it? #PuffSurvives #SquidGameSequel #thatlittlepuff #Mesucalife,"🎥 Dive into Puff's new Chef Vedio! Watch as Puff crafts and creates—each video a story told with paws and imagination. #CraftyPuff #diyfun 

SIGN-UP MEMBERSHIP ➤ https://www.youtube.com/channel/UClFN9LShD_Pv0wnSeUKbUZw/join

Puff's Store: https://www.thatlittlepuff.com/

The one and only cooking cat, That Little Puff, is here on YouTube! 
We share all different kinds of quick recipes and experiments prepared by Puff, AKA, Meow Chef.

Tiktok ➤  https://www.tiktok.com/@thatlittlepuff
Instagram ➤ https://www.instagram.com/thatlittlepuff/?hl=en
Facebook ➤  https://www.facebook.com/thatlittlepuff
Twitter ➤ https://twitter.com/thatlittlepuff_
Snapchat ➤ https://www.snapchat.com/add/thatlittlepuff3
——————————————————————————————
✨️More exciting contents you will like~🤩
【Puff's Most Viewed Compilation】👉️ https://youtube.com/playlist?list=PLOu1buj_2n--NYVOy-Rn1NN2qqhYjQtBI&si=5V40AXQSLu2zHhSE
【Puff's Cooking Moments】👉️https://youtube.com/playlist?list=PLOu1buj_2n--p_-NrrJYbsKW-wDD-VJZH&si=cUcIbqWZui3dZRFC
【Puff's magical experiment】👉️https://youtube.com/playlist?list=PLOu1buj_2n-8BDpI8eFEHHs6Csjv_r7iq&si=REW203fuEFoILVul
【Puff's Handcraft】👉️https://youtube.com/playlist?list=PLOu1buj_2n-_0Vwi8Br4Joi0TsewA9KOj&si=fAzjnp1YJLIidmD0
【Puff's ASMR Videos】👉️https://youtube.com/playlist?list=PLOu1buj_2n-83CSMKnSlmxcxHi9imHE8P&si=wjCbdj5PAmetoTJJ",2025-01-16T03:27:27Z,UClFN9LShD_Pv0wnSeUKbUZw,That Little Puff,15,"['Cat', 'That Little Puff', 'DIY', 'Pet', 'ASMR', 'Hacks', '料理猫', '泡芙猫', 'Meow Chef', 'cat game', 'Food', 'Imagination', 'Creative drinks', 'Animal Chef', 'shorts', 'Collection', 'thatlittlepuff', 'Puff', 'Chef', 'DIY fun', 'Craft', 'cute cat', 'vedio', 'smart', 'Smart Cat', 'life hack', 'money', 'Handmade', 'creativity', 'Funny vedio', 'satisfying hacks', 'physics tricks', 'test', 'real or fake', 'funny', 'tricks', 'creation', 'challenge', 'holiday', 'Baker', 'Squid Game']",PT40S,hd,false,160406935,3995933,0,0,10057
8afWlEGFnLA,Jab Dolphin trick Me Hui Gadbad  ( 🎥_@umer2m ),,2025-01-13T12:46:34Z,UCOU9l0XsEmJPr-PGcb8F5ZA,RSMSA,24,[],PT41S,hd,false,27626182,1173731,0,0,1601
fxOOCsa227o,"Meem Se Mohabbat - Episode 11 [CC] 22nd Jan 2025 - Spons By foodpanda, Master Paints, Skin White","👉 Subscribe To HUM TV - https://bit.ly/HumTvPK

Meem Se Mohabbat - Episode 11 [CC] 22nd Jan 2025 - Spons By Food Panda, Master Paints, Skin White [ Dananeer Mobeen & Ahad Raza Mir ] - HUM TV

Digitally Presented By foodpanda 
Digitally Powered By Master Paints 
Digitally Associated By Skin White 


'Meem Se Mohabbat’ revolves around a moving tale that artfully intertwines coincidence and destiny, bringing together two souls who could not be more dissimilar in their essence. In a world brimming with uncertainties, love manifests in the most unforeseen moments, defying the boundaries of logic, past and circumstance.

Writer:Farhat Ishtiaq 
Director:Ali Hassan 
Producer:Momina Duraid Productions 

Cast:
Ahad Raza Mir
Dananeer Mobeen
Zarrar Khan
Khadija Saleem
Faiza Gilani
Tehseen Wajahat
Rabia Rizwan
Zainab Mazhar
Muhammad Hunbal
Naveen Naqvi
Arshad Mahmood
Irfanullah
Neha
Abu Hurairah
Raana Zafar
Touseeq Haider

#meemsemohabbatep11
#dananeermubeen
#ahadrazamir 
#pandapro 
#masterpaints 
#WinterKaPerfectCompanion",2025-01-22T16:00:47Z,UCEeEQxm6qc_qaTE7qTV5aLQ,HUM TV,24,"['drama in hindi', 'drama', 'top pakistani drama', 'best pakistani drama', 'pakistani serial 2025', 'pakistani drama 2025 new', 'pakistani drama 2025 new episode', 'pakistani drama 2025 last episode', 'pakistani drama 2025 latest episode', 'pakistani drama new', 'pakistani dramas', 'Meem Se Mohabbat ep 11', 'Dananeer', 'Dananeer Mobeen', 'Meem Se Mohabbat Ep 11', 'Meem Se Mohabbat episode 11', 'Meem Se Mohabbat Episode 11', 'meem se muhabbat 11', 'meem se', 'muhabbat', 'meem se mohabbat episode 11', 'muhabbat gumshuda']",PT37M18S,hd,true,13557992,286006,0,0,7606
JrVcXGrFnXw,居然可以这样哦？#火影忍者 #佐助 #家庭,"欢迎来到【小蚂蚁】频道！🐜🌍🐂

这里是小蚂蚁依依、小宇宙浩宇和小魔王浩鸣的欢乐领地，三个性格迥异的萌娃将带领你进入他们的搞怪日常，体验充满欢笑和意想不到的冒险。😄🎈

依依，作为姐姐，古灵精怪，总能以她独特的视角发现生活中的乐趣。🐜浩宇，活泼开朗的弟弟，他的好奇心总是引领着大家探索未知的世界。🌍而浩鸣，作为家中的小魔王，调皮捣蛋却又不失可爱，总能给家庭带来满满的欢乐。🐂

在这里，你将看到这三个小宇宙的日常趣事，每一刻都充满了温暖和笑声。💖

🔔 如果你喜欢我们的视频，记得订阅并点击小铃铛图标。

请注意，本视频符合平台的使用要求，没有任何违规行为。

我们的视频制作团队会特别关注儿童的安全需求，确保内容不会对其造成任何危害。",2025-01-17T08:30:09Z,UC_Np5NHrORbF6wbRVZjMHtg,火影忍者一家,22,"['小蚂蚁', '萌娃日常', '搞怪日常', '意想不到的结局', '姐姐依依', '弟弟浩宇', '弟弟浩鸣', '人类幼崽', '萌娃搞笑', '家庭欢乐', '幼儿成长', '宠物趣事', '亲子互动', '家庭日常', '童年趣闻', '儿童游戏', '童言无忌', '儿童手工', '萌宝贝', '儿童绘画', '儿童阅读', '家庭烹饪', '儿童摄影', '家庭趣事']",PT33S,hd,false,25046088,325269,0,0,82
NwN6dWwMFzs,Mummy nai gaurav say popcorn kyu chin liye #shorts #youtubeshorts #gauravaroravlogs,,2025-01-14T07:30:14Z,UCZrBQSMI1mme3xGHl6hqfNQ,Gauravaroravlogs ,24,[],PT19S,hd,false,19946647,276945,0,0,215
XbLrK4ROwmc,Rangoli Competition Hua School Mai 😍 #rangoli #school #competition #minivlog,,2025-01-18T10:45:23Z,UCrWc5vUgSM4MvZWI3_2iQ8Q,Sanjhalika Vlog,22,[],PT53S,hd,false,13956205,259276,0,0,398
M0wG4ywS-xU,Iqtidar Episode 38 (Subtitles) 24th January 2025 | Anmol Baloch - Ali Raza | Green TV Entertainment,"Subscribe👉 https://bit.ly/GreenTvEntertainment To Watch Best Pakistani Dramas Of Green TV Entertainment  

Iqtidar Episode 38 (Subtitles) 24th January 2025 | Digitally Powered By Jhalak Beauty Cream | Anmol Baloch - Ali Raza | Green TV Entertainment

Watch Full OST: https://youtu.be/LGyoUYq7osA

The story of a Girl (Mehrunisa) whose father has passed away, and she is supporting her family. Meanwhile, his brother is killed in an accident. Now Mehrunisa raises her voice for the justice of her brother; thus, the lie and the truth will face each other, and the truth will win.

Written by: Hina Huma Nafees
Directed by: Fahim Burney
Presented By: Multiverse Entertainment

Featuring:
Anmol Baloch
Ali Raza
Javed Sheikh
Rubina Ashraf
Seemi Pasha
Sami Khan
Roma Michael 
Ahmed Randhawa
Rabia Rizwan
Eman Khan
Jawed Sheikh
Mizna Waqas
Atif Rathore
Hareem Sohail
Anees Alam
Maryam Jaffri
Fuzan Khan
Noman Kahout
Sabahat Bukhari

#iqtidarep38 
#greentv
#pakistanidrama                        

Subscribe now and enjoy a whole new world of entertainment with Green TV.
Follow Us:
Facebook:    https://www.facebook.com/greenentertainmentofficial
Instagram:   https://www.instagram.com/greenentertainment.official
Twitter:         https://twitter.com/Greentvpakistan
TikTok:         https://www.tiktok.com/@greenentertainmenttv
Website:       https://www.greenentertainment.tv",2025-01-24T16:00:06Z,UCF2ltLX1dnPa6-L1paPaMzw,Green TV Entertainment,24,"['Iqtidar', 'Iqtidar Drama', 'Green Tv', 'Green Tv Drama', 'Green Entertainment Drama', 'Full Romantic Love Story', 'Anmol Baloch Drama', 'Best Drama Anmol Baloch', 'Anmol Baloch Drama Iqtidar', 'ali raza drama', 'Iqtidar Episode 38', 'Iqtidar Ep 38', 'iqtidar episode 38', 'Iqtidar OST', 'Green Tv OST', 'iqtidar ep 38', 'Watch Iqtidar Episode 38', 'Iqtidar Latest', 'Iqtidar Latest Episode 38', 'Iqtidar 38', 'watch Iqtidar Episode 38', 'iqtidar drama', 'iqtidar', 'pakistani drama', 'iqtidar latest', 'Iqtadar', 'Watch Iqtidar']",PT36M53S,hd,true,7909987,185310,0,0,5707
KwgTq3pBXas,Avoid The Dragon Challenge😱,,2025-01-15T12:58:00Z,UCyagEfIN1okQ-s996XAqCFQ,Zhong,24,"['Zhong', 'zhong', 'zhong girlfriend', 'zong', 'zong and kat', 'kat', 'zong girlfriend', 'zhong and kat', 'comedy', 'skit']",PT54S,hd,false,36605578,1202102,0,0,1510
JCnl0DIOiFs,Kabhi Mat Karna  #scienceandfun #ashusir #chemistry #experiment #ytshorts #shorts,,2025-01-15T11:46:50Z,UCACU6FM4RgOgX0IHB7dudFA,Science and fun,28,[],PT59S,hd,false,22305907,854836,0,0,1421
BmpRnfu16YA,Haya’s Luxury HOME TOUR🏡🤑|Modern Kitchen Design😍|Full Pink Room💖| Sistrology,"#fatimafaisal #sistrology #fatimaoruskichalakiyan 
Thanks for watching don’t forget to Like this video and subscribe my channel

Follow me on Instagram 
https://instagram.com/fatimafaisal_?igshid=NDBlY2NjN2I=

My New Channel 
https://youtube.com/@Fatimaoruskichalakiyann?si=bV-4A7RW1lUkYW",2025-01-16T14:28:04Z,UCcSvETpIauCWeZeFP9iHn9Q,Fatima Faisal,24,"['saif ali khan', 'sistrology', 'rajab butt', 'funny', 'ducky bhai', 'food', 'home tour', 'kitchen', 'decor', 'interior', 'paint', 'real estate']",PT38M24S,hd,false,2603956,71135,0,0,3915
-EaR72jtZ4M,Family Of The Year😂🙈✅,,2025-01-20T07:30:00Z,UCH8x9zAJbpfipmHosNuwu_A,Endless Love,10,[],PT15S,hd,false,27103771,1015401,0,0,3262
ELjlXVAZFJw,Respect Students 😭❤️ #shorts #school #emotional #horror #funny #makarsankranti,,2025-01-11T14:38:00Z,UC_cdxikvfl_ntmtW6loibKA,Jomy Production,24,[],PT52S,hd,false,49120956,1005190,0,0,2162
gF377qBTFok,เครื่องใช้ไฟฟ้าสุดชาญฉลาด อุปกรณ์สำหรับทุกบ้าน 🌟 เคล็ดลับการเลี้ยงลูก,"วิดีโอนี้จัดทำขึ้นเพื่อความบันเทิง ผู้ผลิตไม่รับประกันใด ๆ ในความสมบูรณ์ ความปลอดภัย และความน่าเชื่อถือ การกระทำใด ๆ ที่ทำตามข้อมูลในวิดีโอนี้ ถือเป็นความเสี่ยงของผู้กระทำเอง และผู้ผลิตจะไม่รับผิดชอบต่อความเสียหาย หรือการสูญเสียใด ๆ 
ถือเป็นความรับผิดชอบของผู้ชม ในการใช้วิจารณญาณ การดูแล และข้อควรระวัง หากผู้ชมจะปฏิบัติตาม
วิดีโอต่อไปนี้อาจมีกิจกรรมที่ดำเนินการโดยนักแสดงของเรา ที่อยู่ภายใต้สภาพแวดล้อมที่มีการควบคุม โปรดใช้วิจารณญาณในการดูแลและข้อควรระวัง หากจะปฏิบัติตาม",2025-01-12T16:45:02Z,UCgc1JadLuPOITrBVn55LjwQ,ลาลาไลฟ์ Shorts,26,"['การแกล้ง', 'การแกล้งจากติ๊กต่อก', 'ความงาม', 'ชาเลนจ์', 'ติ๊กต่อก', 'ลาลาไลฟ์', 'วัยรุ่น', 'วิธี', 'สนุก', 'เคล็ดลับ', 'เรื่องสั้นแสนสนุก', 'ไวรัล']",PT21S,hd,false,25800303,320896,0,0,91
-Pc11FzOdvc,A Day With A Street Dog😭 #shorts #trending,,2025-01-13T04:14:52Z,UCpAjFBZZ2AO-K_Ly10KIj1w,Adarsh Solanki,24,[],PT1M26S,hd,false,21012847,667512,0,0,2190
j6HLO7F7X0o,Car Ka Bohot Bada Pilot✈️🤣 #shorts #comedy #funny #trending #explore,"•




•



his video is made purely for entertainment .We are not harming anything in this video
Funny videos
Funny short video
Emotional funny video
Comedy video
Comedy shorts video
Funny story
Funny content
Funny video
Comedy whatsapp status
#shortsbeta #short #shortsviral #funny #funnyshorts #funnyvideos #comedy #comedyvideo #comedyshorts #alianaskhan #humanity #inspirationalvideo #jokar #funnyclips #exam #examlife #examskill #exampreparation #school",2025-01-14T14:37:35Z,UCvvIFwcqcPoC24NHnrX6Suw,Ali Anas Khan,23,"['Ali Anas Khan', 'Ali Anas Khan videos', 'Funny videos', 'Funny concept', 'Funny emotional', 'Funny short videos', 'Ali Khan funny videos', 'Funny content', 'Funny', 'Funny shortcut', 'Comedy videos', 'Comedy short videos', 'Ali Anas Khan comedy', 'Rampur Comedy videos', 'Rampur Youtube', 'Comedy short', 'Comedy short video', 'Funny short content', 'Funny story', 'Comedy story', 'Alias Comedy']",PT1M,hd,false,4099347,118547,0,0,92
w3gDJfMUiM0,Wait for her reaction😱🤣 #couplegoals #hcpk,,2025-01-08T09:50:40Z,UC8-FOsZtt8VspFmiNg1X5QA,HCPK,24,[],PT17S,hd,false,29745824,543617,0,0,665
k2_abrrgfXY,Jhuth bolo momos free khao 😂❤️🫶🏻 #trendingshorts #shorts #amishaforyou,,2025-01-13T07:30:17Z,UCi3MAWavUCdKqjpiqqUSqMQ,Amishaforyou,24,[],PT56S,hd,false,19804171,1199317,0,0,707
5rzr1h1bzvU,Everything are freeze in winter🥶🔥| Indian family😂|| #shorts #indian #relatable #winter #jagiya024,"Everything are freeze in winter🥶🔥| Indian family😂||

Disclaimer and warning:
This video is intended for entertainment purpose only. Any actions or activity in this videos shall not to be call to repeat them! Do not try to do that, the author shall not be hold liable for any of your actions or activity performed. This video is not made for kids.
Smoking is injurious to health! Smoking leads to cancer, heart attack and other deadly diseases. None of the actor in this video promote or support smoking in any manner.",2025-01-08T16:21:49Z,UC8_NGoazMiGbRPUTQ52_NdQ,Jagiya the fun,22,[],PT30S,hd,false,41461546,0,0,0,621
T5Vta3sXFlE,Dhakke se fass gya🥲🤣 #chetanmonga #comedy #shorts,,2025-01-10T08:54:07Z,UCZLOlM5df0CXW9bP5MAeE7A,Cheri's World,22,[],PT37S,hd,false,24940761,835147,0,0,1076
NFsm_JNtcBo,Kashmir fun 🏔️😂 | Sunny Chopra #shorts,,2025-01-10T04:25:17Z,UCAKtQfDTIJQi-E1mbkE0k0Q,Sunny Chopra,22,[],PT16S,hd,false,14757685,426555,0,0,856
JIBh-xMCOzA,Drawing Easiest Teeth 😱 🦷 #shorts,,2025-01-16T08:13:56Z,UCt85BA_hmXl2hz6fbYCKMKQ,Paintellectual PriyA,26,"['paintellectualpriya', 'paintellectual priya', 'art videos', 'easy technique for drawing', 'drawing tutorial', 'shivangi sah', 'aryan verma studios', 'crafter aditi', 'how to draw teeth', 'easy teeth drawing', 'teeth drawing tutorial', 'easy drawing tutorial', 'how to draw smile', 'easy smile drawing', 'easy pencil sketch ideas', 'how to draw face', 'Face tutorial']",PT31S,hd,false,15479760,405680,0,0,477
N-mZ4gtRJyI,"Meem Se Mohabbat - Episode 12 [CC] 23rd Jan 2025 - Spons By foodpanda, Master Paints, Skin White","👉 Subscribe To HUM TV - https://bit.ly/HumTvPK

Meem Se Mohabbat - Episode 12 [CC] 23rd Jan 2025 - Spons By Food Panda, Master Paints, Skin White [ Dananeer Mobeen & Ahad Raza Mir ] - HUM TV

Digitally Presented By foodpanda 
Digitally Powered By Master Paints 
Digitally Associated By Skin White 

'Meem Se Mohabbat’ revolves around a moving tale that artfully intertwines coincidence and destiny, bringing together two souls who could not be more dissimilar in their essence. In a world brimming with uncertainties, love manifests in the most unforeseen moments, defying the boundaries of logic, past and circumstance.

Writer:Farhat Ishtiaq 
Director:Ali Hassan 
Producer:Momina Duraid Productions 

Cast:
Ahad Raza Mir
Dananeer Mobeen
Zarrar Khan
Khadija Saleem
Faiza Gilani
Tehseen Wajahat
Rabia Rizwan
Zainab Mazhar
Muhammad Hunbal
Naveen Naqvi
Arshad Mahmood
Irfanullah
Neha
Abu Hurairah
Raana Zafar
Touseeq Haider

#meemsemohabbatep12
#dananeermubeen
#ahadrazamir 
#pandapro 
#masterpaints 
#WinterKaPerfectCompanion",2025-01-23T16:00:31Z,UCEeEQxm6qc_qaTE7qTV5aLQ,HUM TV,24,"['drama in hindi', 'drama', 'top pakistani drama', 'best pakistani drama', 'pakistani serial 2025', 'pakistani drama 2025 new', 'pakistani drama 2025 new episode', 'pakistani drama 2025 last episode', 'pakistani drama 2025 latest episode', 'pakistani drama new', 'pakistani dramas', 'Meem Se Mohabbat ep 12', 'Dananeer', 'Dananeer Mobeen', 'Meem Se Mohabbat Ep 12', 'Meem Se Mohabbat episode 12', 'Meem Se Mohabbat Episode 12', 'meem se muhabbat 12', 'meem se', 'muhabbat', 'meem se mohabbat episode 12', 'muhabbat gumshuda']",PT35M40S,hd,true,11940635,255379,0,0,6698
wjOEc3f_YAk,Maggie Lovers😋 vs PAPA 🤣 #shorts #funny,Maggie Lovers😋 vs PAPA 🤣 #shorts #funny,2025-01-12T14:09:34Z,UCVPP_lAuPWl_tBZ8R7rQPxQ,SANSAR COMEDY BAR,23,"['shorts', 'funny', 'comedy', 'trending', 'viral', 'yt shorts', 'youtube shorts', 'trending shorts', 'viral shorts', 'funny shorts', 'comedy shorts', 'funny comedy', 'latest shorts', 'latest funny shorts', 'latest comedy shorts', 'best shorts', 'best funny shorts', 'best comedy shorts', 'Maggie Lovers', 'Maggie Lovers😋', 'Maggie', 'Maggie Lovers😋 vs PAPA 🤣', 'Manu', 'chiku', 'Harry', 'PAPA', 'sansar comedy bar']",PT59S,hd,false,16951977,303730,0,0,65
xo-ldXRG3O4,Iqtidar Episode 37 (Subtitles) 23rd January 2025 | Anmol Baloch - Ali Raza | Green TV Entertainment,"Subscribe👉 https://bit.ly/GreenTvEntertainment To Watch Best Pakistani Dramas Of Green TV Entertainment  

Iqtidar Episode 37 (Subtitles) 23rd January 2025 | Digitally Powered By Jhalak Beauty Cream | Anmol Baloch - Ali Raza | Green TV Entertainment

Watch Full OST: https://youtu.be/LGyoUYq7osA

The story of a Girl (Mehrunisa) whose father has passed away, and she is supporting her family. Meanwhile, his brother is killed in an accident. Now Mehrunisa raises her voice for the justice of her brother; thus, the lie and the truth will face each other, and the truth will win.

Written by: Hina Huma Nafees
Directed by: Fahim Burney
Presented By: Multiverse Entertainment

Featuring:
Anmol Baloch
Ali Raza
Javed Sheikh
Rubina Ashraf
Seemi Pasha
Sami Khan
Roma Michael 
Ahmed Randhawa
Rabia Rizwan
Eman Khan
Jawed Sheikh
Mizna Waqas
Atif Rathore
Hareem Sohail
Anees Alam
Maryam Jaffri
Fuzan Khan
Noman Kahout
Sabahat Bukhari

#iqtidarep37 
#greentv
#pakistanidrama                        

Subscribe now and enjoy a whole new world of entertainment with Green TV.
Follow Us:
Facebook:    https://www.facebook.com/greenentertainmentofficial
Instagram:   https://www.instagram.com/greenentertainment.official
Twitter:         https://twitter.com/Greentvpakistan
TikTok:         https://www.tiktok.com/@greenentertainmenttv
Website:       https://www.greenentertainment.tv",2025-01-23T16:00:06Z,UCF2ltLX1dnPa6-L1paPaMzw,Green TV Entertainment,24,"['Iqtidar', 'Iqtidar Drama', 'Green Tv', 'Green Tv Drama', 'Green Entertainment Drama', 'Full Romantic Love Story', 'Anmol Baloch Drama', 'Best Drama Anmol Baloch', 'Anmol Baloch Drama Iqtidar', 'ali raza drama', 'Iqtidar Episode 37', 'Iqtidar Ep 37', 'iqtidar episode 37', 'Iqtidar OST', 'Green Tv OST', 'iqtidar ep 37', 'Watch Iqtidar Episode 37', 'Iqtidar Latest', 'Iqtidar Latest Episode 37', 'Iqtidar 37', 'watch Iqtidar Episode 37', 'iqtidar drama', 'iqtidar', 'pakistani drama', 'iqtidar latest', 'Iqtadar', 'Watch Iqtidar']",PT35M12S,hd,true,9926801,179705,0,0,4164
WmLAcQfaxq8,"Meem Se Mohabbat - Episode 10 [CC] 16th Jan 2025 - Spons By foodpanda, Master Paints, Skin White","👉 Subscribe To HUM TV - https://bit.ly/HumTvPK

Meem Se Mohabbat - Episode 10 [CC] 16th Jan 2025 - Spons By Food Panda, Master Paints, Skin White [ Dananeer Mobeen & Ahad Raza Mir ] - HUM TV

Digitally Presented By foodpanda 
Digitally Powered By Master Paints 
Digitally Associated By Skin White 


'Meem Se Mohabbat’ revolves around a moving tale that artfully intertwines coincidence and destiny, bringing together two souls who could not be more dissimilar in their essence. In a world brimming with uncertainties, love manifests in the most unforeseen moments, defying the boundaries of logic, past and circumstance.

Writer:Farhat Ishtiaq 
Director:Ali Hassan 
Producer:Momina Duraid Productions 

Cast:
Ahad Raza Mir
Dananeer Mobeen
Zarrar Khan
Khadija Saleem
Faiza Gilani
Tehseen Wajahat
Rabia Rizwan
Zainab Mazhar
Muhammad Hunbal
Naveen Naqvi
Arshad Mahmood
Irfanullah
Neha
Abu Hurairah
Raana Zafar
Touseeq Haider

#meemsemohabbatep10
#dananeermubeen
#ahadrazamir 
#pandapro 
#masterpaints 
#WinterKaPerfectCompanion",2025-01-16T16:00:36Z,UCEeEQxm6qc_qaTE7qTV5aLQ,HUM TV,24,"['drama in hindi', 'drama', 'top pakistani drama', 'best pakistani drama', 'pakistani serial 2025', 'pakistani drama 2025 new', 'pakistani drama 2025 new episode', 'pakistani drama 2025 last episode', 'pakistani drama 2025 latest episode', 'pakistani drama new', 'pakistani dramas', 'Meem Se Mohabbat ep 10', 'Dananeer', 'Dananeer Mobeen', 'Meem Se Mohabbat Ep 10', 'Meem Se Mohabbat episode 10', 'Meem Se Mohabbat Episode 10', 'meem se muhabbat 10', 'meem se', 'muhabbat', 'meem se mohabbat episode 10', 'muhabbat gumshuda']",PT35M27S,hd,true,16630282,304905,0,0,8124
3eRT8qZOeEo,Golu Bana Papa Ki Pari 😂 20 Lakh Ki Dress Part 2 #papakipari #shorts #aslimonaofficial,,2025-01-10T06:30:03Z,UCkaMZOILqfN5EYmQM0MmkIQ,Asli Mona Official,23,[],PT1M,hd,false,18168791,477121,0,0,404
n6ulV9KeFDE,wow so cute 🥰,,2025-01-13T12:32:32Z,UCNRl8nOCoUvki2FNFxQZgEg,dednahype,23,[],PT21S,hd,false,16507317,167483,0,0,120
GnHnJ7vIkM8,Effective teamwork [CONDA NGUYEN] #condanguyen #kindness #goodman #hero #action #help #respect,"Thank you for supporting my channel.
Subscribe to my channel to see touching and meaningful stories every day.
LIKE + SHARE + COMMENT
Your smile is my happiness.
Love you all!!!",2025-01-09T00:00:16Z,UCfxNud6-l1CKSjija0sqIXg,CONDA NGUYEN,27,"['good', 'good man', 'kindness', 'kindness man', 'help', 'Help people', 'shorts', 'viral', 'Viral video', 'trend', 'Trending', 'good people', 'hero', 'Super hero', 'nice job', 'Good job', 'education', 'indoctrination', 'rescue', 'saving', 'protect', 'defend', 'happy', 'motivation', 'respect', 'honor', 'reverend', 'honour', 'polite', 'generous', 'generosity', 'morality', 'educate', 'rear', 'train', 'Training', 'Teach', 'good person', 'cleverness', 'good manners', 'charity', 'philanthropize', 'noble', 'tolerance', 'altruistic', 'condor', 'enlightenment', 'enlighten', 'nurture', 'cause and effect', 'treat', 'renovation', 'Great']",PT25S,hd,false,44923252,278708,0,0,202
vlEYQSksNl4,Powerful Blower That Makes Cleaning Effortless!,"Bosch air blower - https://amzn.oia.bio/rj0xd


#creatingforindia  #hindi  #viral #india #technology #cleaning #gadgets#home #expensive  #india #viral   #india #viralvideo #viralshorts #viralproducts #products #review #homeproducts #india #viralvideo #viralshorts #organizinghacks   #simpleghar #simplegharhindi  #steamcleaner #hand #warmers #electric #heater  #bosch #india",2025-01-08T15:30:43Z,UCcEemKX91VohoKl6uRBAPyQ,SimpleGhar Hindi,28,[],PT40S,hd,false,35315618,515659,0,0,330
vHjHvC5R_ho,Makeup in Pakistan vs Makeup in Foreign #zoyanasir #hasnamanahai #tabishhashmi #shorts,"#zoyanasir #hasnamanahai #tabishhashmi 
#pakistandramas #pakistanmovie #entrepreneur #model 

""Pakistan's Most Watched Comedy Show of 2023"" ""First Pakistani show to have 1 Billion Digital Views""

The young man (Host) tries to understand the eccentric behavior of the people around and in doing so inadvertently offers himself to mock at. 
The host brings to light the fact that the morals are customs more preached than practiced while traditions are customs more practiced than preached. 
Gradually the host will lay bare the sensibility, psyche and sensitivity of different characters thus giving the viewers insight into the show storyline. 
The viewers come to know of perplexing paradoxes in the funniest way possible.

Do not miss an important news update ever. Subscribe and hit the bell icon to subscribe to Geo News alerts https://bit.ly/3rDNo5j

Watch Geo News Livestream: https://www.youtube.com/watch?v=O3DPVlynUM0

Visit our Website for More Latest Update - https://www.geo.tv/
 
#comedyshow 
#funnymoments 
#tabishhashmishow 
#geonews 
#comedyshow",2025-01-12T16:30:23Z,UC6HQ4d3xq9EgSeJgMhc-4AQ,Hasna Mana Hai,22,"['zoya nasir', 'zoya nasir dramas', 'zoya nasir drama', 'zoya nasir husband', 'zoya nasir family', 'zoya nasir new drama', 'zoya nasir 2023 drama', 'zoya nasir bts', 'zoya nasir breakup', 'zoya nasir wedding', 'zoya nasir actress', 'zoya nasir interview', 'zoya nasir drama list', 'zoya nasir engagement', 'zoya nasir top 10 dramas', 'the fourth umpire zoya nasir', 'zoya nasir har pal geo', 'zoya nasir ary digital', 'hasna mana hai', 'hasna mana hai tabish hashmi', 'tabish hashmi latest', 'tabish hashmi today']",PT32S,hd,false,1678411,50550,0,0,193
1WS78v1xZEo,Iqtidar Episode 36 (Subtitles) 17th January 2025 | Anmol Baloch - Ali Raza | Green TV Entertainment,"Subscribe👉 https://bit.ly/GreenTvEntertainment To Watch Best Pakistani Dramas Of Green TV Entertainment  

Iqtidar Episode 36 (Subtitles) 17th January 2025 | Digitally Powered By Jhalak Beauty Cream | Anmol Baloch - Ali Raza | Green TV Entertainment

Watch Full OST: https://youtu.be/LGyoUYq7osA

The story of a Girl (Mehrunisa) whose father has passed away, and she is supporting her family. Meanwhile, his brother is killed in an accident. Now Mehrunisa raises her voice for the justice of her brother; thus, the lie and the truth will face each other, and the truth will win.

Written by: Hina Huma Nafees
Directed by: Fahim Burney
Presented By: Multiverse Entertainment

Featuring:
Anmol Baloch
Ali Raza
Javed Sheikh
Rubina Ashraf
Seemi Pasha
Sami Khan
Roma Michael 
Ahmed Randhawa
Rabia Rizwan
Eman Khan
Jawed Sheikh
Mizna Waqas
Atif Rathore
Hareem Sohail
Anees Alam
Maryam Jaffri
Fuzan Khan
Noman Kahout
Sabahat Bukhari

#iqtidarep36 
#greentv
#pakistanidrama                        

Subscribe now and enjoy a whole new world of entertainment with Green TV.
Follow Us:
Facebook:    https://www.facebook.com/greenentertainmentofficial
Instagram:   https://www.instagram.com/greenentertainment.official
Twitter:         https://twitter.com/Greentvpakistan
TikTok:         https://www.tiktok.com/@greenentertainmenttv
Website:       https://www.greenentertainment.tv",2025-01-17T16:00:06Z,UCF2ltLX1dnPa6-L1paPaMzw,Green TV Entertainment,24,"['Iqtidar', 'Iqtidar Drama', 'Green Tv', 'Green Tv Drama', 'Green Entertainment Drama', 'Full Romantic Love Story', 'Anmol Baloch Drama', 'Best Drama Anmol Baloch', 'Anmol Baloch Drama Iqtidar', 'ali raza drama', 'Iqtidar Episode 36', 'Iqtidar Ep 36', 'iqtidar episode 36', 'Iqtidar OST', 'Green Tv OST', 'iqtidar ep 36', 'Watch Iqtidar Episode 36', 'Iqtidar Latest', 'Iqtidar Latest Episode 36', 'Iqtidar 36', 'watch Iqtidar Episode 36', 'iqtidar drama', 'iqtidar', 'pakistani drama', 'iqtidar episode 35', 'iqtidar latest']",PT35M33S,hd,true,13943608,225415,0,0,5871
oMHMHCV4tvM,ग़रीबी रुलाती बहुत है ना ठंड देखती है ना गर्मी #trend #humanity #trending #help #helping #viraltrend,,2025-01-09T07:30:28Z,UC3jGHA2-ZYBMpX--u0slVww,YouNick Viral Vlogs,22,[],PT1M,hd,false,52466697,1346893,0,0,2356
QM2aHXO0hdo,Patang 🪁 ke Karan accident 😔 || Jaanvi Patel #shorts #patang #kite,,2025-01-11T08:00:21Z,UCRqs0TZOqe5nrwP-BrdnCjg,jaanvi patel,22,[],PT1M,hd,false,24767651,614370,0,0,641
BdAdBR75qwE,The Shocking Thing This Boy Did on a Flight Will Change Your Mind! #shorts,"A regular flight turned into a surprising adventure when a young passenger caught everyone’s attention. His antics had passengers and the flight attendant reacting in the most unexpected ways. What would you do in this situation?

Tags:
#airplane #funnykids #passengers #flightstories #aviationlife #travelmoments #unexpected #viralvideo #shorts #funnyflight #emotionaljourney",2025-01-09T14:00:11Z,UCFS6DCM-Fse-4P3wtG9x-vQ,Fabiosa Stories,22,"['Fabiosa', 'Fabiosa Stories', 'karma', 'kindness', 'tik tok', 'shorts', 'funny', 'memes', 'tiktok', 'funny video', 'meme', 'try not to laugh', 'funny videos', 'funny shorts', 'funny moments', 'try not to laugh challenge', 'viral shorts', 'comedy shorts', 'yt shorts', 'caught on camera', 'school life', 'teacher', 'trending shorts', 'if you laugh you lose', 'random acts of kindness', 'acts of kindness', 'act of kindness', 'kind', 'you tube shorts', 'karma lyrics', 'funny memes', 'dank memes', 'unusual memes', 'try not to laugh impossible']",PT23S,hd,false,67390841,1016961,0,0,1126
-dqdSZrw2OE,Tenge tenge nai mummy ko hi takla kardiya #shorts #youtubeshorts #gauravaroravlogs,,2025-01-05T07:30:00Z,UCZrBQSMI1mme3xGHl6hqfNQ,Gauravaroravlogs ,24,[],PT16S,hd,false,30568009,399855,0,0,132
0bfh_I5aPYc,Memories❤️ She Truly Loves You❤️#ytshorts #youtubeshorts #viralvideos #shortsfeed #comedy #funny,,2025-01-13T06:16:17Z,UC5JF4jPACfKYgFaHstgREGQ,Chhote & Aandu,23,[],PT1M,hd,false,12573317,444897,0,0,423
CJVLmoeRwm8,#waitforlast #trending,,2025-01-10T02:07:48Z,UCIC0jkkceKGu4y5yTh_FL9g,Kiran Family Official,24,[],PT21S,hd,false,27574436,261395,0,0,169
V-qMtzF-7WI,Papa ko sab pta hai😂 #comedy #funny #funnyvideo #youtubeshorts #youtubeshort,,2025-01-08T07:58:00Z,UCr-KG8Ffr6xztQwV5MAyh3Q,Ketan mehta,22,[],PT29S,hd,false,19816784,399047,0,0,174
iGAnlPKsLgc,When She Looks Too Younger Than You🥹#funny #comedy #ytshorts #youtubeshorts #shortsfeed #viral #fun,,2025-01-09T16:40:50Z,UC5JF4jPACfKYgFaHstgREGQ,Chhote & Aandu,23,[],PT49S,hd,false,22268798,822559,0,0,1617
axFLLgjg4cw,Mask man The serial killer 😈👨‍⚖️ || Smithbatham || #smithbatham #shorts #school #suspense,,2025-01-10T08:00:02Z,UCORr3xbQU_JsdB7UhL2NPTw,Smith Batham,22,[],PT1M,hd,false,12624738,292464,0,0,129
ORs7Hou3l0Y,देखो क्या पहन रखा हैँ,,2025-01-12T04:17:55Z,UCxyBCX9wgmtounAIU8T5pwQ,COMMANDO ACADEMY PHYSICAL,17,[],PT40S,hd,false,27212526,1192388,0,0,967
6XsJWcEafqQ,The clever angel saw through the clown's scheme at a glance#angel#clown,"Record every moment of life and convey positive energy
Hello~Hello everyone~
✦This is the Superman couple✦
American comics have millions of fans
Superman couple account for half
Interpretation of modern comedy plot
Bring you happiness every day
Remember to watch my videos on time!
#douluodalu #superman  #spiderman #supergirl",2025-01-04T23:00:07Z,UCzi1cjtEXE74u2dTXiJeb9A,超人夫妇,22,"['超人夫妇', '美漫', '超人', '蜘蛛侠', '二次元', '金刚', '怪兽', '斗罗大陆', '唐三', '小舞']",PT22S,hd,false,139422383,4311102,0,0,6946
7XPK_05aHt4,Tent House Me Baba Aagya ⛺️🎅 #shorts #ytshorts #viralvideos #santaclaus #tenthouse,Tent House Me Baba Aagya ⛺️🎅 #shorts #ytshorts #viralvideos #santaclaus #tenthouse,2025-01-05T01:38:12Z,UC2d238lEYmlHYpEm68wMc0A,Nishu jeet aarya,22,"['Tent House Me Baba Aagya ⛺️🎅', 'tent house me baba aagya', 'tent house me aagaya baba', 'tent house me aaya baba', 'tent house ke under baba aagya', 'tent house me baba aagya kaise', 'tent house me aaya baba tabhi', 'baba aagya tent house me', 'baba tent house me aaya', 'hamare piche baba pad gaya', 'viralvideo', 'shorts', 'ytshorts', 'youtubeshorts', 'shortsfeed', 'shortsvideo', 'trendingshorts']",PT30S,hd,false,43732059,693330,0,0,139
iBrHNiktF_U,Đã bảo game này dễ rồi mà [BEN EAGLE] #beneagle #training #kungfu #martialarts #funny,"Mình là người Việt Nam.
Cảm ơn các bạn đã ủng hộ kênh của mình nha.
Hãy đăng ký kênh để xem những video thú vị mỗi ngày nhé.
Hãy LIKE + BÌNH LUẬN + CHIA SẺ giúp mình nhé.
Niềm vui của các bạn chính là hạnh phúc của mình.
Yêu tất cả các bạn!!!
————————————
I am Vietnamese.
Thank you for supporting my channel.
Subscribe to the channel to watch interesting videos every day.
LIKE + SHARE + COMMENT
Your smile is my happiness.
Love you all!!!
___BEN EAGLE___
#beneagle #eaglesacademy #masterbeneagle #vothuatdienanh #vothuat #hanhdong #tuve #masterkungfu #haihuoc #tuvethucchien #dienxuat #action #funny #shortfilm #actionfilm #kungfu #selfdefence #fighting #combat #martialarts #trending #shorts #heroic #superhero #cookman #kingofkungfu #comedy #acting #actionactor #actiondirector #actionmovie",2025-01-04T12:00:52Z,UCbGPgvNunvclTypPtL3sa0w,BEN EAGLE,24,"['ben eagle', 'eagles', 'võ thuật điện ảnh', 'huấn luyện võ thuật điện ảnh', 'cascadeur', 'võ thuật', 'võ hiện đại', 'diễn viên hành động', 'ngôi sao võ thuật', 'trung tâm võ', 'học võ', 'tự vệ', 'eagle', 'shorts', 'ben eagle vn', 'lớp dạy võ', 'siêu nhân', 'phim hanh dong vo thuat', 'phim võ thuật', 'eagles academy', 'tiktok', 'master ben eagle', 'beneagle', 'ben eagle movie', 'ben eagle shorts', 'ben eagle tiktok', 'nhào lộn đường phố', 'tik tok', 'spider-man', 'sê lốc huy', 'skibidi toilet', 'minecraft', 'cartoon', 'youtube', 'ben eagle official']",PT42S,hd,false,126686744,2862937,0,0,8405
zO0pjK9_jL8,DR .. INJECTION 💉VS PAPA 🤣 #shorts #funny,DR .. INJECTION 💉VS PAPA 🤣 #shorts #funny,2025-01-05T13:17:55Z,UCVPP_lAuPWl_tBZ8R7rQPxQ,SANSAR COMEDY BAR,23,"['shorts', 'funny', 'comedy', 'trending', 'viral', 'yt shorts', 'youtube shorts', 'funny shorts', 'comedy shorts', 'viral shorts', 'trending shorts', 'funny comedy', 'latest shorts', 'latest comedy shorts', 'latest funny shorts', 'best shorts', 'best funny shorts', 'best comedy shorts', 'DR .. INJECTION', 'DR .. INJECTION 💉', 'DR .. INJECTION 💉🤣', 'DR .. INJECTION 💉VS PAPA', 'DR .. INJECTION 💉VS PAPA 🤣', 'Manu', 'chiku', 'Harry', 'PAPA', 'sansar comedy bar']",PT52S,hd,false,22982304,0,0,0,66
qE_ZB0sADXM,Jab aap laki aur unlucky donon Ho ( 🎥_@mateomassoni),,2025-01-09T05:23:25Z,UCOU9l0XsEmJPr-PGcb8F5ZA,RSMSA,24,[],PT31S,hd,false,20190685,400520,0,0,185
JKSCYQiiuL4,Viral glass ghar me banaya  #scienceandfun #ashusir #experiment #physics #viral #shorts #ytshorts,,2025-01-11T11:55:37Z,UCACU6FM4RgOgX0IHB7dudFA,Science and fun,28,[],PT59S,hd,false,16342190,583279,0,0,950
F6olQiyBL20,Apni khushiyo ke Karan dusro ka nuksaan na Kare 😔 || Jaanvi Patel #shorts,,2025-01-17T08:00:11Z,UCRqs0TZOqe5nrwP-BrdnCjg,jaanvi patel,22,[],PT1M,hd,false,12914584,291519,0,0,133
d6qhjOOWLIA,Carry Minati Tries American Snacks,@CarryMinati #carryminati #india #shorts,2025-01-08T17:00:45Z,UCMyOj6fhvKFMjxUCp3b_3gA,Nick DiGiovanni,22,"['Chef', 'Cook', 'Learn To Cook', 'Cooking', 'Food', 'MasterChef', 'Gordon Ramsay', 'MrBeast', 'Recipes', 'Healthy', 'Kitchen', 'Restaurant', 'Grill', 'Grilling', 'Seafood', 'Meat', 'Steak', 'United States', 'India', 'Spanish', 'International', 'Global', 'Cuisine']",PT31S,hd,false,22569791,1283926,0,0,4212
vd0WJAOaQBU,"Los Angeles Fire Left 1 House Standing While Burning Thousands Of Others, How Did This House Survive","In this compelling video, we explore the devastating impact of the recent Los Angeles fire that left thousands of homes in ruins. We delve into the remarkable story of one house that miraculously survived the blaze. Who is the owner of this resilient home, and what measures were taken to protect it? Join us as we uncover the details of this extraordinary tale amidst the chaos of destruction. 
Anchor: Hira Naveed

#LosAngelesFire #CaliforniaFire #CaliforniaWildFires #LAWildfires #DisasterResponse #HollywoodHomes #Hollywood #CelebrityHomes #FireDisaster #FirefightingHeroes #LosAngeles 

Follow Us on Facebook: https://www.facebook.com/urdupoint.network/
Follow Us on Twitter: https://twitter.com/DailyUrduPoint 
Follow Us on Instagram: https://www.instagram.com/urdupoint_com/
Visit Us on Web: https://www.urdupoint.com/",2025-01-11T13:01:10Z,UC8SUpGjRdTSqIBuOfmWp3rg,UrduPoint.com,25,"['urdupoint', 'urdupoint.com', 'urdu point', 'fire in los angeles', 'fire in los angeles today', 'fire in la', 'fire in america', 'fire in california', 'fire in usa', 'fire in california today', 'usa fire', 'california fire', 'california fire today', 'california fire celebrity', 'california fire tmz', 'california fire 2024', 'los angeles fire live coverage', 'los angeles fire 2025', 'los angeles fire today hindi', 'los angeles fire reason in urdu', 'los angeles fire today drone view', 'los angeles fire aerial view']",PT2M33S,hd,false,2038761,15727,0,0,672
1yqzyBbguPE,Joker trip himself.#devil  #lilith  #funny  #shorts,"Thanks for watching our videos, we will bring you joy every day and look forward to your subscription！！:)",2025-01-07T11:00:05Z,UCJgA0QBZF7-5sWiFjGUxsrw,Devil Lilith,22,[],PT26S,hd,false,54886116,975363,0,0,265
rXzn86gMOpg,आज तो भारी नुक़सान हो गया पापा का 🥲😬😭 ||end zrur dekhna😂❤️|| #shorts #comedy,,2025-01-06T13:31:17Z,UCigIQemkMDqVKxRxErb5fAA,Ankita Bhawsar,22,[],PT1M,hd,false,28957266,629994,0,0,232
ePEYcgyagHI,Golu Ka Pre Board Exam 😂 New Year Party Iski Nikal Gayi #shorts #comedy #aslimonaofficial,,2025-01-05T06:30:15Z,UCkaMZOILqfN5EYmQM0MmkIQ,Asli Mona Official,23,[],PT1M,hd,false,19387240,458103,0,0,343
H-9plYfkywc,Magnetic Glass ?? #anubhavsir #theoryofphysics,"Official Telegram Channel : 
t.me/toptheoryofphysics",2025-01-07T13:25:19Z,UCSrwhbt5DQZgTRnlPZ7EwXw,Theory_of_Physics X Unacademy,27,[],PT1M9S,hd,false,15011513,657636,0,0,574
_VLlvxKQCqU,WHY is the ice cream machine always BROKEN,This is why they are really broken all the time,2025-01-05T19:11:18Z,UCq8DICunczvLuJJq414110A,Zach King,24,"['Vine', 'Best of Vine', 'Vine Comedy', 'Funny', 'comedy', 'hilarious', 'cute', 'magic', 'vine magic', 'vine compilation', 'vine fail', 'watch vines', 'vine 2013', 'cool vines', 'special effects vines', 'zachking', 'ice cream machine', 'ice cream', 'machine broken', 'fail', 'funny']",PT25S,hd,false,69825635,877821,0,0,667
8Cf1_P0pZGQ,Moves you can use with your siblings to make your life at home more efficient. Part 6,,2025-01-02T17:30:42Z,UCb8vrqP8Z7Oz9ZTYvUtjUHQ,Daniel LaBelle,23,[],PT28S,hd,false,74726622,1164106,0,0,1052
ppM822cN9cg,सात रंगों वाला 6kg Chicken Making in Delhi 😱 Doctor Radipo से मंगवा रहे खाने के लिए #shorts,,2025-01-04T06:55:00Z,UC04ccb8PcLFULgGOIBUOmmA,Swad Ke Diwane,22,[],PT3M,hd,false,61011785,2552497,0,0,6063
lkGNExXKe5Q,黑天使预知未来#short #angel #clown,"Welcome to the 【Super Beauty Team】 channel! 🛡️🌟

Here, we pour our hearts into creating each video, combining meticulously designed Captain America role-playing with original 2D comic-style plots, presenting you with an extraordinary superhero world. 💥😆

🔔 Our channel is not just about role-playing; it's a gathering place for fans of 2D culture and American comics. If you have a strong interest in Captain America, 2D culture, or the world of American comics, you definitely shouldn't miss our channel. If you like our videos, don't forget to subscribe to the channel and click the bell icon.

🚫 Rest assured, we strictly adhere to platform rules, all video content is original, and copyright is rigorously protected. Infringement will be prosecuted!",2025-01-06T07:15:01Z,UC_DDFOVGuzJ0TFcu76yySwQ,Super Beauty team,22,"['Captain America Roleplay', '2D Comic Style', 'American Comics', 'Superhero World', 'Original Content', 'YouTube Superheroes', 'Fan Engagement', 'Subscribe and Bell Icon', 'Copyright Enforcement', 'Cosplay Videos', 'Comic Book Lovers', '2D Animation', 'Marvel Universe', 'Superhero Action', 'Creative Storytelling', 'Heroic Adventures', 'Character Analysis', 'Behind-the-Scenes', 'Superhero Culture', 'Interactive Fan Base', 'Superhero Lifestyle', 'Comic Series Adaptations', 'Hero Versus Villain Dynamics']",PT55S,hd,false,48068844,2659289,0,0,2027
3woiz7EqC3o,"That Smile,…😍❤️ #azmaik #reality #humanity #hearttouching #emotional #smile #azmaikshorts #kindness",,2025-01-20T13:17:59Z,UCut1Ur1MRUfw2m5d_zj6VAw,Mr Azmaik,24,"['Azmaik', 'Reality', 'Humanity', 'Heart', 'Heartbreaking', 'Emotional', 'Smile', 'Kindness', 'Azmaikshorts']",PT33S,hd,false,38274946,1590639,0,0,4430
2OuvjSYf6Ug,Kaha se aate h #abrazkhan  #shorts,,2025-01-10T19:01:32Z,UCbQaw6kiduY7EVu_yRRmSCA,Abrazkhan - ck91,24,[],PT22S,hd,false,19185215,422915,0,0,662
Z950f24g7Ec,Online Vs Offline sabji! #shorts,,2025-01-04T09:05:02Z,UCcl4x-1l61b4mI3HnnmoxOg,Shreemani Tripathi,24,[],PT55S,hd,false,29335765,687553,0,0,555
FN1uCa1EoWw,Khel gaya #abrazkhan  #shorts,,2025-01-04T20:25:43Z,UCbQaw6kiduY7EVu_yRRmSCA,Abrazkhan - ck91,24,[],PT44S,hd,false,27697615,847517,0,0,1077
3v8NgiuvA_s,New year special 🥺❤️‍🩹🎊 | Simran Makhija | #shorts #school #schoollife #newyearspecial,,2025-01-01T10:22:00Z,UC-e10tRE8eoiAwLlm8BQbIQ,Simran Makhija,22,[],PT47S,hd,false,36765780,763723,0,0,809
ySmcj5WsuwE,Left or Right 🍗Grilled Chicken Challenge 😅#shorts #challenge shorts#funnychallenge  lenge,,2025-01-05T01:30:35Z,UCVf7oEVjMmAun9gFwWfem0g,Enaku Romba Pasikuthu,22,[],PT44S,hd,false,48021261,1099871,0,0,1133
fQHcdNHPDRs,Khate mai likh dena | Sarcaster,,2025-01-06T09:04:13Z,UCAPgSXlrgrmnXwzMssfL2Iw,Sarcaster,23,[],PT1M7S,hd,false,14827498,623841,0,0,877
nnKvgstmGxo,Hamare Piche Baba Pad Gaya ⛺️🎅 #shorts #ytshorts #viralvideos #santaclaus #tenthouse,Hamare Piche Baba Pad Gaya ⛺️🎅 #shorts #ytshorts #viralvideos #santaclaus #tenthouse,2025-01-04T01:35:21Z,UC2d238lEYmlHYpEm68wMc0A,Nishu jeet aarya,22,"['Hamare Piche Baba Pad Gaya ⛺️🎅', 'hamare piche baba pad gaya', 'hamare piche pad gaya baba', 'hamare piche pada hai baba', 'hamare piche pad gaya h baba', 'hamare piche pada baba', 'baba hamare piche pad gaya', 'baba pada hamare piche', 'baba pad gaya hamare piche', 'shorts', 'ytshorts', 'youtubeshorts', 'shortsfeed', 'shortsvideo', 'trendingshorts']",PT46S,hd,false,28513048,535048,0,0,382
dsa9usDyq7g,Snowman ki atma 🥹⛄️😯||zoya sheikh #viral #trending #shorts #youtube #zoyasheikh,,2025-01-05T03:30:21Z,UCKJIwz1stqYvIc7t-nluM7Q,Zoya Sheikh,22,[],PT1M,hd,false,16918701,384059,0,0,368
yHf60cOpxcc,Choose the props that suit you#Angel#Clown,"Record every moment of life and convey positive energy
Hello~Hello everyone~
✦This is the Superman couple✦
American comics have millions of fans
Superman couple account for half
Interpretation of modern comedy plot
Bring you happiness every day
Remember to watch my videos on time!
#douluodalu #superman  #spiderman #supergirl",2024-12-28T23:00:42Z,UCzi1cjtEXE74u2dTXiJeb9A,超人夫妇,22,"['超人夫妇', '美漫', '超人', '蜘蛛侠', '二次元', '金刚', '怪兽', '斗罗大陆', '唐三', '小舞']",PT42S,hd,false,130040367,2109955,0,0,1184
9RNuLljKhbg,Useful home gadgets! Part 3 #shorts,,2025-01-05T14:26:25Z,UCcl4x-1l61b4mI3HnnmoxOg,Shreemani Tripathi,24,[],PT51S,hd,false,16923284,529460,0,0,564
LuKiBrZ_Kts,تجربة صيد الكنوز في الماء بأكبر مغناطيس ـ وهذا الذي وجته 🔫😳,,2024-12-29T10:36:33Z,UCBczOJAMXzFRuAlN9-gZCdw,صدام العزي,24,[],PT1M1S,hd,false,61840717,1489568,0,0,2212
bus5wzs-KfM,GOOD DEEDS LIKE A BOOMERANG,,2024-12-29T13:17:01Z,UCNRl8nOCoUvki2FNFxQZgEg,dednahype,23,[],PT1M,hd,false,52261889,1251679,0,0,1441
1QfuzizINeI,Tom and jerry 😱 Real End Twist 😳 #love #couplegoals #shorts #husbandwifecomedy #miabiwiwines,#youtubeshorts #youtuber #youtube #comedy #comedyvideo #comedyshorts #comedyvideos #funny #funnyvideo #funnymoments #funnyshorts #fun #funnyvideos #funnymemes #trend #trending #trendingshorts #trendingvideo #trendingreels #shorts #shortsvideo #shortsviral #shortsfeed #shortsyoutube #shots #shot #humor #humour #husbandwife #husbandwifecomedy #husbandwifenokjhok #delhi  #miabiwiwines,2025-01-03T09:45:00Z,UC0tc9Cyom4y_4wCWf0iUHDQ,Mia Biwi Winees,24,"['Video', 'Sharing', 'Camera phone', 'Video phone', 'Free', 'Upload']",PT15S,hd,false,6756053,118334,0,0,210
LPI9mLkIIS8,"Antarctica Day 3, WE MADE IT !!! #antarctica #travel #hindi",,2025-01-03T00:28:39Z,UCsbFefxpne9aYgoQ7baNnRg,Priya and Sid,26,"['priya and sid', 'priya ki van', 'priya']",PT1M56S,hd,false,25179718,1410149,0,0,2397
pAKrU49dg0M,Squid Game Challenge!,,2024-12-30T13:49:55Z,UCOwoozznw51Qc_fVaLYY9TA,Counting Unique Shorts,22,[],PT1M10S,hd,false,40091367,1414923,0,0,1259
nCKUJB4Ny3E,Ramu kaka v/s mem sahab Ep:- 75 gold ki plate ✨,,2025-01-01T11:47:21Z,UC8WHXV-B2DmrVPGprIpvLSQ,Ramu kaka v/s mem sahab,22,[],PT3M,hd,false,22600304,1067993,0,0,1136
kRx192ud34s,Jadui snowman ⛄️😯😨||zoya sheikh #viral #trending #shorts #youtube #zoyasheikh,,2025-01-02T03:30:30Z,UCKJIwz1stqYvIc7t-nluM7Q,Zoya Sheikh,22,[],PT1M,hd,false,20286067,425861,0,0,229
YTOF7f0hJSg,Hold your Fire🔥| #RamPothineni | #Shorts #YTShorts #Reels #ShortsFeed #Trending #ViralVideo #New,"Watch & Enjoy Hold your Fire Shorts, Starring Ram Pothineni, Nabha Natesh, Nidhhi Agerwal, Satyadev Kancharana And Puneet Issar, Directed By Puri Jagannadh only on Aditya Dumdaar Dubbed Movies.

#iSmartShankar #RamPothineni #NabhaNatesh #NidhhiAgerwal #Shorts #YTShorts #Trending #ViralVideo #ShortVideo #ViralShorts #ShortsVideo #TrendingShorts #ShortsFeed #AdityaDumdaarDubbedMovies 

Movie: ISmart Shankar
Star cast: Ram Pothineni, Nabha Natesh, Nidhi Agerwal, Satyadev Kancharana, and Puneet Issar
Directed by: Puri Jagannadh
Produced by: Umesh Gupta
Music by: Mani Sharma

Subscribe to Aditya Dumdaar Dubbed Movies for all the Latest, Popular, Blockbuster & Superhit Hindi Dubbed Videos.
------------------------------------------------------------------
For More Full Movies, Subscribe to:
►https://bit.ly/3FkFd27

For Hindi Dubbed Full Movies, Subscribe to:
►https://www.youtube.com/user/adityaci...
►Like us on Facebook: http://www.facebook.com/adityamovies
►Follow us on Instagram: https://www.instagram.com/adityamovies

For Hit & Latest Music:
►https://www.youtube.com/user/adityamusic
►Follow us on Twitter: http://www.twitter.com/adityamusic
►Follow us on LinkedIn: http://bit.ly/2Pp6ze3

For Devotional Music: 
►https://www.youtube.com/user/adityadevotional

© 2024 Aditya Movies India Pvt. Ltd.",2024-12-27T12:30:27Z,UC3pRh_OBEjs0wB82313gfVg,Aditya Dumdaar Dubbed Movies,22,"['iSmart Shankar', 'iSmart Shankar movie', 'Aditya Dumdaar Dubbed Movies', 'shorts', 'yt shorts', 'reels', 'viral video', 'viral shorts', 'short video', 'shorts feed', 'latest shorts', 'latest reels', 'latest trending reels', 'new reels', 'new shorts', 'you tube shorts', 'youtube shorts', 'youtube', 'whatsapp status', 'ram pothineni', 'nidhhi agerwal', 'nabha natesh', 'ram pothineni new movie', 'ismart shankar full movie in hindi', 'ram pothineni movies in hindi dubbed', 'viral reel', 'insta reel', 'nidhhi agerwal movie', 'viral']",PT30S,hd,false,30265571,1706471,0,0,207
fVcBuwR7auY,Speed cleaning our studio before our boss notices,"SUBSCRIBE & ADOPT A KATANA WITH THE LINK IN BIO!! 

If you love katana unboxing, then you'll love this. See the Katanas slice in action as satisfying as ASMR! These aren't rusted katanas! Sword-making, blacksmithing, knife making, and katana making are Mini Katana's passions! If you love anime like One Piece, Naruto, Demon Slayer, Attack on Titan, Miira No Kaikata, Mugen Train, Jujutsu Kaisen, sword art online abridged, slice of life anime, chainsaw man vs katana, afro samurai and are excited about the Swordsmith arc, you're gonna love our ninja weapons! Mini Katana is the founding titan of katana making, knife making, and the mini katana keychain. Learn how to draw a katana and how to make kunai like Naruto. We are the last samurai. We love Japanese anime, Japanese history, Japanese lofi, Japanese movies, and Japanese songs. Subscribe to watch mini katana unboxing, how to make a katana with cardboard and with paper, and more!  The Mini Katana Store is committed to high quality carbon steel blades and giving you slice of life looks as we try not to laugh challenge. Trust, Mini Katana knows how to make kunai and how to make a sword!

--OUR SOCIALS--
INSTAGRAM ► https://www.instagram.com/minikatanastore
TWITTER ► https://twitter.com/minikatanastore
TIKTOK ► https://www.tiktok.com/@mini.katana
DISCORD ► http://discord.gg/minikatana

For questions, email us at hello@minikatana.com",2024-12-21T18:00:27Z,UCy_WCbqwp5ZZ4zNwAyMChiA,Mini Katana,22,"['speed clean', 'deep clean', 'cleaning video', 'satisfying', 'satisfying video', 'satisfying cleaning videos', 'demon slayer', 'katana cut test', 'katana cut through steel', 'katana slice bullet', 'katana slice test', 'mini katana', 'mini katana review', 'mini katana store', 'mini katanas', 'one piece', 'tatami mat making', 'youtube shorts']",PT55S,hd,false,227010359,4621821,0,0,3576
bGj9xlgaXGI,Range Rover's Crazy marketing strategy by Ratan Tata 🗿🔥 | Kuldeep Singhaniaa #shorts,,2025-01-04T18:21:39Z,UCnYKRFQRndE3Wq1eLRQLfWw,Kuldeep Singhania Shorts,22,[],PT1M,hd,false,20945150,1481323,0,0,2959
czC8pluJhKY,Relatable?😭,Relatable?😭,2025-01-03T19:21:08Z,UCZ2SVHLQ8hq_V06nupK5auQ,Bhupinder Kaur,24,"['Funny', 'Comedy', 'Trending', 'Trendingshorts', 'Viralshorts', 'Haha', 'Memes', 'Reels', 'Cutegirl', 'Relatableshorts', 'Relatable', 'Bhupinder', 'Humour', 'Sarcasm', 'Sarcastic', 'Newhaircut', 'Haircut']",PT18S,hd,false,24789395,712060,0,0,3118
FziZiHP64Q4,Strange family by Tsuriki Show,,2025-01-03T07:45:01Z,UCymK_3BWUcoYVVf5D_GmACQ,Tsuriki Show,23,[],PT14S,hd,false,31249905,364208,0,0,136
